City_ID,City,Lat,Lng,Max Temp (C),Humidity,Cloudiness,Wind Speed,Country,Date
0,enewetak,11.3474,162.3373,28.06,75,96,1.71,MH,1697989755
1,fort st. john,56.2499,-120.8529,-4.06,93,100,4.12,CA,1697989755
2,saint-francois,46.4154,3.9054,15.69,65,0,1.03,FR,1697989756
3,longyearbyen,78.2186,15.6401,-9.09,79,20,4.12,SJ,1697989756
4,ust-kamenogorsk,49.9789,82.6103,11.96,82,100,5.0,KZ,1697989756
5,coquimbo,-29.9533,-71.3436,17.85,63,0,5.66,CL,1697989756
6,port-aux-francais,-49.35,70.2167,2.61,63,53,12.45,TF,1697989757
7,malango,-2.9627,119.9001,19.03,97,27,1.15,ID,1697989757
8,invercargill,-46.4,168.35,3.34,93,8,0.45,NZ,1697989664
9,rongelap,11.1635,166.8941,28.08,80,100,4.85,MH,1697989757
10,prince rupert,54.3161,-130.3201,6.83,84,75,7.72,CA,1697989758
11,jijiga,9.35,42.8,22.61,42,99,6.76,ET,1697989758
12,tiksi,71.6872,128.8694,-20.11,100,94,0.9,RU,1697989758
13,lubao,14.9167,120.55,26.84,85,99,1.95,PH,1697989759
14,atafu village,-8.5421,-172.5159,27.65,77,97,1.28,TK,1697989759
15,la peca,-5.6111,-78.435,29.65,49,37,1.41,PE,1697989759
16,broome,42.2506,-75.833,7.57,86,100,6.17,US,1697989760
17,port mathurin,-19.6833,63.4167,24.73,81,11,4.41,MU,1697989760
18,alesund,62.4723,6.1549,9.51,65,0,1.03,NO,1697989760
19,badger,64.8,-147.5333,-8.05,81,100,0.0,US,1697989760
20,anadyr,64.75,177.4833,5.28,86,20,13.0,RU,1697989761
21,isafjordur,66.0755,-23.124,6.02,61,100,5.66,IS,1697989761
22,puerto natales,-51.7236,-72.4875,12.25,50,75,5.66,CL,1697989634
23,tazovsky,67.4667,78.7,-2.48,90,100,8.33,RU,1697989761
24,geraldton,-28.7667,114.6,17.23,67,53,5.14,AU,1697989653
25,vorgashor,67.5833,63.95,-4.69,94,94,4.74,RU,1697989762
26,ushuaia,-54.8,-68.3,7.81,66,75,11.32,AR,1697989762
27,mulanje,-16.0316,35.5,29.99,43,100,1.21,MW,1697989762
28,iqaluit,63.7506,-68.5145,-3.15,73,75,9.26,CA,1697989763
29,nadi,-17.8,177.4167,25.0,83,40,2.06,FJ,1697989763
30,st. john's,47.5649,-52.7093,17.66,84,75,12.35,CA,1697989468
31,tura,25.5198,90.2201,20.77,93,17,1.36,IN,1697989763
32,annweiler am trifels,49.2,7.9667,16.3,65,79,2.0,DE,1697989764
33,san jose,37.3394,-121.895,18.66,79,40,5.66,US,1697989676
34,flying fish cove,-10.4217,105.6791,23.82,94,75,1.54,CX,1697989764
35,grytviken,-54.2811,-36.5092,3.03,73,33,4.54,GS,1697989764
36,edinburgh of the seven seas,-37.0676,-12.3116,13.97,85,65,5.13,SH,1697989765
37,margaret river,-33.95,115.0667,13.47,60,91,7.25,AU,1697989765
38,dowlatabad,32.7998,51.6955,15.82,13,0,2.06,IR,1697989765
39,broken hill,-31.95,141.4333,12.24,47,71,5.55,AU,1697989766
40,kidal,18.4411,1.4078,38.11,8,2,5.58,ML,1697989766
41,bayji,34.9311,43.487,26.47,28,86,1.99,IQ,1697989766
42,agadez,19.75,10.25,34.53,10,100,4.01,NE,1697989766
43,port pirie,-33.1833,138.0167,8.99,76,91,2.81,AU,1697989767
44,young,-32.6833,-57.6333,23.04,91,100,4.5,UY,1697989767
45,hermanus,-34.4187,19.2345,19.74,67,79,6.46,ZA,1697989767
46,nar'yan-mar,67.6713,53.087,-0.22,80,93,7.79,RU,1697989768
47,fort bragg,35.139,-79.006,21.13,43,0,7.72,US,1697989768
48,faya-largeau,17.9257,19.1043,36.94,9,0,3.09,TD,1697989768
49,hadibu,12.65,54.0333,26.48,86,100,14.55,YE,1697989768
50,machico,32.7,-16.7667,22.78,80,75,6.17,PT,1697989769
51,kodiak,57.79,-152.4072,-4.27,80,0,0.0,US,1697989769
52,kapuskasing,49.4169,-82.4331,2.05,93,100,3.6,CA,1697989769
53,aykhal,66.0,111.5,-6.23,96,100,4.91,RU,1697989769
54,manghit,42.1156,60.0597,13.99,67,99,6.64,UZ,1697989770
55,arraial do cabo,-22.9661,-42.0278,24.98,57,75,8.23,BR,1697989770
56,praia da vitoria,38.7333,-27.0667,20.98,72,40,7.79,PT,1697989770
57,saint-pierre,-21.3393,55.4781,23.82,69,0,4.12,RE,1697989771
58,queenstown,-31.8976,26.8753,9.81,87,100,3.74,ZA,1697989510
59,tan-tan,28.438,-11.1032,25.97,57,40,5.66,MA,1697989771
60,dudinka,69.4058,86.1778,-2.43,91,100,4.77,RU,1697989771
61,bredasdorp,-34.5322,20.0403,16.69,74,42,8.72,ZA,1697989771
62,ancud,-41.8697,-73.8203,12.72,60,0,3.14,CL,1697989772
63,magadan,59.5667,150.8,1.41,96,100,3.91,RU,1697989772
64,papao,-17.75,-149.55,24.82,80,63,5.67,PF,1697989773
65,whitehorse,60.7161,-135.0538,-8.57,56,100,4.63,CA,1697989773
66,mar del plata,-38.0023,-57.5575,18.01,91,20,4.12,AR,1697989654
67,port-vila,-17.7338,168.3219,23.78,83,75,4.63,VU,1697989773
68,candido de abreu,-24.5669,-51.3333,31.21,29,0,1.33,BR,1697989774
69,waitangi,-43.9535,-176.5597,8.86,64,91,11.74,NZ,1697989774
70,minas de marcona,-15.2119,-75.1103,19.9,70,77,4.97,PE,1697989774
71,ilulissat,69.2167,-51.1,-2.99,54,75,3.6,GL,1697989775
72,palmer,42.1584,-72.3287,12.41,58,75,5.66,US,1697989775
73,puquio,-14.7,-74.1333,16.77,56,70,2.42,PE,1697989775
74,ust-nera,64.5667,143.2,-10.16,96,100,1.9,RU,1697989776
75,raduzhny,62.0961,77.475,-2.56,87,57,2.41,RU,1697989699
76,mili,6.0815,171.735,28.58,78,92,5.66,MH,1697989776
77,iskateley,67.6803,53.1512,-0.26,80,94,7.76,RU,1697989776
78,baiyin,36.5583,104.2081,10.66,42,48,1.01,CN,1697989776
79,pocahontas,36.2615,-90.9712,18.25,54,0,5.66,US,1697989777
80,at-bashi,41.1702,75.8106,5.81,67,23,1.11,KG,1697989777
81,tofol,5.3248,163.0078,28.31,74,51,2.3,FM,1697989777
82,adamstown,-25.066,-130.1015,22.53,77,13,4.71,PN,1697989778
83,nyala,12.05,24.8833,31.39,17,25,3.27,SD,1697989778
84,kittila,67.6647,24.8936,-7.92,93,0,0.51,FI,1697989683
85,darwin,-12.4611,130.8418,27.99,79,20,2.57,AU,1697989778
86,hawaiian paradise park,19.5933,-154.9731,23.35,93,0,2.06,US,1697989779
87,ribeira grande,38.5167,-28.7,20.22,64,40,5.14,PT,1697989779
88,walvis bay,-22.9575,14.5053,18.53,68,75,5.14,NA,1697989779
89,alice springs,-23.7,133.8833,16.75,31,91,2.57,AU,1697989779
90,dawson creek,55.7666,-120.2362,-4.2,86,100,3.09,CA,1697989780
91,vadso,70.0744,29.7487,-0.51,69,75,7.2,NO,1697989780
92,cabo san lucas,22.8909,-109.9124,28.2,92,100,11.83,MX,1697989587
93,mengcheng chengguanzhen,33.2661,116.566,15.12,34,0,2.08,CN,1697989780
94,inarajan village,13.2736,144.7484,28.54,89,87,7.01,GU,1697989781
95,lompoc,34.6391,-120.4579,19.32,54,100,6.71,US,1697989639
96,paris,48.8534,2.3488,16.43,78,75,2.57,FR,1697989584
97,new norfolk,-42.7826,147.0587,12.73,98,80,1.3,AU,1697989781
98,lampang,18.3333,99.5,23.05,94,40,0.2,TH,1697989782
99,albany,42.6001,-73.9662,9.65,78,100,0.89,US,1697989763
100,sapatgram,26.3334,90.109,21.25,77,0,2.07,IN,1697989782
101,san patricio,28.017,-97.5169,29.39,53,100,4.58,US,1697989782
102,weno,7.4515,151.8468,25.97,100,40,1.54,FM,1697989783
103,leava,-14.3,-178.1667,27.05,86,100,6.07,WF,1697989783
104,adolfo lopez mateos,28.4667,-107.3,13.29,77,100,1.72,MX,1697989783
105,happy valley-goose bay,53.3168,-60.3315,5.17,65,75,9.26,CA,1697989513
106,olonkinbyen,70.9221,-8.7187,3.04,84,75,3.99,SJ,1697989784
107,dois vizinhos,-25.7336,-53.0572,30.73,40,2,2.15,BR,1697989784
108,yellowknife,62.456,-114.3525,-5.88,87,20,8.23,CA,1697989613
109,hamilton,39.1834,-84.5333,12.0,73,100,4.12,US,1697989664
110,berezovyy,51.6667,135.7,-0.56,59,0,3.64,RU,1697989785
111,saldanha,-33.0117,17.9442,26.03,71,100,5.08,ZA,1697989785
112,wailua homesteads,22.0669,-159.378,23.24,86,100,2.57,US,1697989785
113,benguela,-12.5763,13.4055,25.32,75,66,3.53,AO,1697989785
114,bethel,41.3712,-73.414,13.2,62,100,5.66,US,1697989679
115,hithadhoo,-0.6,73.0833,27.3,75,99,6.09,MV,1697989786
116,port lincoln,-34.7333,135.8667,11.34,74,25,3.57,AU,1697989786
117,biysk,52.5364,85.2072,8.82,68,100,2.74,RU,1697989786
118,hirara,24.8,125.2833,23.15,73,40,3.09,JP,1697989787
119,brookings,44.3114,-96.7984,9.65,87,0,2.57,US,1697989545
120,stanley,54.868,-1.6985,10.98,75,20,3.6,GB,1697989787
121,usogorsk,63.4106,48.6872,-1.0,79,97,4.26,RU,1697989787
122,port macquarie,-31.4333,152.9167,16.05,48,0,5.72,AU,1697989788
123,cartagena,10.3997,-75.5144,30.79,70,40,2.06,CO,1697989654
124,aasiaat,68.7098,-52.8699,-9.52,80,77,2.53,GL,1697989788
125,ivdel',60.6911,60.4206,-1.4,73,30,4.43,RU,1697989788
126,usinsk,65.9939,57.5281,-1.16,84,100,11.04,RU,1697989789
127,blackmans bay,-43.0167,147.3167,12.07,89,83,0.45,AU,1697989789
128,mizdah,31.4451,12.9801,30.05,21,6,4.98,LY,1697989789
129,kenora,49.8167,-94.4337,9.54,100,100,2.57,CA,1697989789
130,ciudad lazaro cardenas,17.9583,-102.2,27.89,75,63,0.98,MX,1697989790
131,jamestown,42.097,-79.2353,7.23,74,100,8.75,US,1697989498
132,sabha,27.0377,14.4283,33.3,12,0,2.29,LY,1697989790
133,banikoara,11.2985,2.4386,37.05,15,77,3.63,BJ,1697989790
134,clodomira,-27.5744,-64.1311,39.98,23,29,3.04,AR,1697989791
135,udachny,66.4167,112.4,-4.75,92,100,3.31,RU,1697989791
136,xilin hot,43.9667,116.0333,6.79,36,0,3.45,CN,1697989791
137,papatowai,-46.5619,169.4708,3.46,90,3,1.94,NZ,1697989792
138,glace bay,46.1969,-59.957,17.66,86,75,5.81,CA,1697989792
139,puerto ayora,-0.7393,-90.3518,27.98,77,70,4.47,EC,1697989792
140,pandan,14.0453,124.1694,25.74,87,100,2.31,PH,1697989793
141,masuguru,-11.3667,38.4167,34.45,20,0,1.86,TZ,1697989793
142,nemuro,43.3236,145.575,10.98,76,96,9.06,JP,1697989793
143,colares,38.7992,-9.4469,17.43,82,40,5.36,PT,1697989793
144,kapa'a,22.0752,-159.319,23.99,86,100,2.57,US,1697989794
145,afaahiti,-17.75,-149.2833,23.93,85,66,5.72,PF,1697989794
146,la sarre,48.8002,-79.1996,3.34,65,100,6.88,CA,1697989780
147,kirakira,-10.4544,161.9205,25.12,86,84,2.47,SB,1697989795
148,belmonte,-15.8631,-38.8828,26.34,67,94,4.41,BR,1697989539
149,sinop,41.7711,34.8709,20.62,49,100,1.5,TR,1697989795
150,san luis de la loma,17.2706,-100.8939,28.45,77,90,1.12,MX,1697989795
151,port elizabeth,-33.918,25.5701,18.16,67,0,7.72,ZA,1697989759
152,bathsheba,13.2167,-59.5167,30.34,79,40,5.14,BB,1697989796
153,sooke,48.3746,-123.7276,11.27,91,100,3.6,CA,1697989796
154,mitu,1.1983,-70.1733,23.67,95,100,0.47,CO,1697989796
155,avarua,-21.2078,-159.775,24.03,78,75,2.57,CK,1697989797
156,masterton,-40.9597,175.6575,4.94,97,17,0.49,NZ,1697989797
157,takoradi,4.8845,-1.7554,28.68,74,100,4.81,GH,1697989797
158,corozal,9.3151,-75.2928,28.67,72,100,0.99,CO,1697989797
159,kourou,5.1552,-52.6478,32.03,60,79,5.63,GF,1697989798
160,zapolyarnyy,69.4154,30.8136,-1.4,83,87,2.59,RU,1697989798
161,bonthe,7.5264,-12.505,28.38,74,90,4.14,SL,1697989798
162,cukai,4.25,103.4167,26.97,79,4,0.43,MY,1697989798
163,savanna-la-mar,18.219,-78.1332,31.63,59,100,0.79,JM,1697989799
164,mikhaylovsk,45.1283,42.0256,14.12,72,0,3.13,RU,1697989799
165,sampit,-2.5333,112.95,24.72,94,100,0.81,ID,1697989799
166,tolanaro,-25.0319,46.9987,26.04,83,40,9.77,MG,1697989799
167,kalabo,-14.97,22.6814,33.18,21,86,1.38,ZM,1697989800
168,brisas de zicatela,15.8369,-97.0419,27.29,69,40,4.12,MX,1697989800
169,lihue,21.9789,-159.3672,23.58,86,100,2.57,US,1697989800
170,ezhva,61.8128,50.7283,-0.03,80,75,4.0,RU,1697989801
171,doka,13.5167,35.7667,29.98,44,12,0.9,SD,1697989801
172,puerto lopez,4.0845,-72.956,29.82,64,100,3.01,CO,1697989801
173,punta arenas,-53.15,-70.9167,11.06,58,20,10.8,CL,1697989779
174,belyayevka,51.3974,56.4096,2.58,70,44,5.24,RU,1697989802
175,lebu,-37.6167,-73.65,13.02,70,0,8.09,CL,1697989802
176,xinzhou,38.4092,112.7333,12.01,40,8,0.92,CN,1697989802
177,kuqa,41.7278,82.9364,13.81,29,33,1.89,CN,1697989803
178,marka,1.7159,44.7717,26.47,81,33,4.75,SO,1697989803
179,alaghsas,17.0187,8.0168,37.94,9,0,10.29,NE,1697989803
180,shiqian,27.5225,108.2281,15.74,67,0,1.1,CN,1697989803
181,mata-utu,-13.2816,-176.1745,27.64,80,92,3.59,WF,1697989804
182,morant bay,17.8815,-76.4093,32.62,71,99,4.09,JM,1697989804
183,kuacjok,8.3002,27.9903,30.28,51,97,1.87,SS,1697989804
184,calvinia,-31.4707,19.776,24.74,22,74,3.89,ZA,1697989804
185,puerto santa,-8.9906,-78.6456,21.44,82,90,3.39,PE,1697989805
186,qaqortoq,60.7167,-46.0333,2.07,42,100,2.35,GL,1697989805
187,constantia,44.1833,28.65,26.5,57,91,6.62,RO,1697989805
188,colonia,50.9333,6.95,15.32,88,100,1.54,DE,1697989675
189,griffith,41.5284,-87.4237,12.19,72,40,5.14,US,1697989806
190,alofi,-19.0595,-169.9187,18.94,94,100,0.51,NU,1697989806
191,utrik,11.2278,169.8474,27.76,78,100,5.43,MH,1697989806
192,georgetown,5.4112,100.3354,27.23,92,40,1.54,MY,1697989807
193,cotonou,6.3654,2.4183,30.99,74,40,5.66,BJ,1697989807
194,hobyo,5.3505,48.5268,28.21,74,37,6.18,SO,1697989807
195,mount isa,-20.7333,139.5,24.87,20,0,3.09,AU,1697989807
196,peniche,39.3558,-9.3811,17.74,80,100,5.3,PT,1697989808
197,samana,19.2056,-69.3369,32.12,79,75,2.06,DO,1697989552
198,port saint john's,-31.6229,29.5448,17.06,69,100,3.02,ZA,1697989809
199,hengchun,22.0042,120.7439,25.35,81,85,8.66,TW,1697989809
200,kone,-21.0595,164.8658,19.2,88,81,2.12,NC,1697989809
201,sao vicente,-23.9631,-46.3919,30.15,78,75,3.58,BR,1697989810
202,vilyuchinsk,52.9306,158.4028,1.15,66,21,3.07,RU,1697989810
203,mejit,10.2753,170.8646,27.52,81,100,8.31,MH,1697989810
204,ende,-8.8432,121.6623,24.9,82,20,0.49,ID,1697989811
205,crane,31.3974,-102.3501,22.85,62,100,9.98,US,1697989811
206,luganville,-15.5333,167.1667,25.28,89,100,5.91,VU,1697989811
207,margate,51.3813,1.3862,16.04,62,15,0.89,GB,1697989811
208,xining,36.6167,101.7667,6.14,60,60,1.31,CN,1697989812
209,sao joao da barra,-21.6403,-41.0511,24.05,73,100,3.52,BR,1697989742
210,kingston,17.997,-76.7936,31.8,68,20,2.57,JM,1697989812
211,saipan,15.1355,145.701,28.39,78,0,7.72,MP,1697989812
212,cidreira,-30.1811,-50.2056,21.3,79,98,7.89,BR,1697989813
213,pisco,-13.7,-76.2167,20.57,94,100,2.06,PE,1697989813
214,pursat,12.3333,103.6667,23.78,96,100,1.44,KH,1697989813
215,kerikeri,-35.2268,173.9474,10.51,91,17,1.84,NZ,1697989813
216,povoa de lanhoso,41.5787,-8.282,18.9,67,100,1.39,PT,1697989814
217,moose jaw,50.4001,-105.5344,5.14,70,99,1.03,CA,1697989814
218,sechura,-5.5569,-80.8222,26.19,61,36,3.44,PE,1697989814
219,balykchy,42.4557,76.1861,9.12,50,18,0.55,KG,1697989815
220,bilibino,68.0546,166.4372,-10.41,98,71,1.29,RU,1697989815
221,rovaniemi,66.5,25.7167,-5.33,79,0,0.51,FI,1697989815
222,holualoa,19.6228,-155.9522,21.04,95,75,2.24,US,1697989816
223,westport,41.1415,-73.3579,14.07,57,40,7.2,US,1697989816
224,fale old settlement,-9.3852,-171.2468,27.85,75,100,1.36,TK,1697989816
225,dzhubga,44.3211,38.7039,17.93,67,20,1.6,RU,1697989816
226,barcelos,41.5388,-8.6151,20.08,69,100,1.88,PT,1697989817
227,pahrump,36.2083,-115.9839,23.3,28,1,3.58,US,1697989817
228,castillos,-34.1667,-53.8333,19.08,92,100,2.57,UY,1697989817
229,ikungi,-5.1333,34.7667,25.93,21,39,2.4,TZ,1697989817
230,port alfred,-33.5906,26.891,17.88,66,70,1.79,ZA,1697989818
231,constitucion,-35.3333,-72.4167,16.47,70,91,3.96,CL,1697989818
232,natal,-5.795,-35.2094,31.12,58,40,7.2,BR,1697989813
233,west island,-12.1568,96.8225,25.99,78,40,5.14,CC,1697989818
234,san miguel de cauri,-10.1,-76.5833,14.09,51,57,4.27,PE,1697989819
235,kristiansund,63.1115,7.732,9.03,66,0,2.06,NO,1697989819
236,keflavik,64.0049,-22.5624,6.24,81,75,2.06,IS,1697989819
237,vel'sk,61.0701,42.0983,-1.31,93,7,2.43,RU,1697989819
238,la'ie,21.6477,-157.9253,23.98,87,9,1.52,US,1697989820
239,nova sintra,14.8667,-24.7167,23.82,73,43,3.94,CV,1697989820
240,tinajo,29.0788,-13.7081,25.49,61,40,8.23,ES,1697989820
241,rio cuarto,-33.1307,-64.3499,19.87,77,100,4.12,AR,1697989821
242,bokovskaya,49.229,41.8306,8.28,54,76,3.66,RU,1697989821
243,portland,45.5234,-122.6762,14.5,96,100,2.57,US,1697989625
244,lasem,-6.6922,111.4527,26.86,79,56,1.31,ID,1697989821
245,midvagur,62.0511,-7.1939,9.46,93,100,6.69,FO,1697989822
246,codrington,-38.2667,141.9667,9.91,74,44,5.49,AU,1697989822
247,busselton,-33.65,115.3333,13.59,65,87,6.22,AU,1697989822
248,manta,-0.95,-80.7333,25.88,83,75,2.57,EC,1697989823
249,fandriana,-20.2333,47.3833,18.26,86,56,1.33,MG,1697989823
250,motygino,58.1831,94.7592,0.58,82,94,1.78,RU,1697989823
251,chilca,-12.5211,-76.7372,20.6,84,72,2.83,PE,1697989824
252,kontiolahti,62.7602,29.8471,-1.03,94,40,1.03,FI,1697989824
253,kaka,37.3482,59.6143,20.74,30,43,2.62,TM,1697989824
254,jose de freitas,-4.7564,-42.5756,35.53,22,89,1.96,BR,1697989825
255,dalfsen,52.5,6.25,14.51,82,38,3.51,NL,1697989825
256,jeju city,33.5097,126.5219,14.96,67,0,3.09,KR,1697989817
257,thompson,55.7435,-97.8558,2.09,100,75,2.57,CA,1697989825
258,conceicao da barra,-18.5933,-39.7322,24.93,69,98,4.09,BR,1697989826
259,punta cana,18.5818,-68.4043,31.87,66,20,6.17,DO,1697989826
260,sarkand,45.41,79.9186,14.31,53,58,1.89,KZ,1697989826
261,misratah,32.3754,15.0925,24.88,61,19,4.09,LY,1697989827
262,tamanrasset,22.785,5.5228,31.95,11,0,2.57,DZ,1697989827
263,qarazhal,48.0078,70.7903,6.43,66,81,11.95,KZ,1697989828
264,vrangel',42.7297,133.0839,6.94,60,0,3.02,RU,1697989828
265,jiuquan,39.7432,98.5174,9.9,21,0,2.38,CN,1697989828
266,helena valley west central,46.6629,-112.0604,9.85,71,0,3.6,US,1697989828
267,kokpekty,48.75,82.4,10.12,75,98,5.66,KZ,1697989829
268,ko pha ngan,9.7578,100.0291,25.38,73,25,1.99,TH,1697989829
269,azazga,36.7447,4.3722,26.13,21,70,5.86,DZ,1697989829
270,klyuchi,52.2667,79.1667,12.32,61,100,7.95,RU,1697989830
271,kataysk,56.289,62.5841,0.1,65,8,6.8,RU,1697989830
272,aberdeen,57.1437,-2.0981,11.27,66,20,3.6,GB,1697989703
273,zhanaozen,43.3,52.8,8.77,53,0,5.51,KZ,1697989830
274,cruzeiro do sul,-29.5128,-51.9853,30.29,59,100,1.18,BR,1697989831
275,vila franca do campo,37.7167,-25.4333,19.93,99,98,6.73,PT,1697989831
276,coahuayana de hidalgo,18.7,-103.6583,28.54,72,99,0.39,MX,1697989831
277,zhangjiakou,40.81,114.8794,10.77,32,6,1.01,CN,1697989832
278,atherton,53.5237,-2.4935,13.49,73,18,1.02,GB,1697989832
279,tenkodogo,11.78,-0.3697,36.97,21,29,3.28,BF,1697989832
280,figuig (centre),32.1089,-1.2286,26.48,15,3,10.43,MA,1697989833
281,uturoa,-16.7333,-151.4333,26.61,76,19,5.76,PF,1697989833
282,aoulef,26.9667,1.0833,36.38,15,0,4.72,DZ,1697989833
283,bubaque,11.2833,-15.8333,28.56,75,100,2.96,GW,1697989834
284,geidam,12.897,11.9304,36.07,9,37,7.69,NG,1697989834
285,al ghayzah,16.2079,52.176,27.78,79,100,8.97,YE,1697989834
286,pemangkat,1.1667,108.9667,25.34,84,100,0.72,ID,1697989834
287,corn island,12.1694,-83.0418,27.68,82,100,8.47,NI,1697989835
288,riberalta,-10.9833,-66.1,34.11,59,45,3.09,BO,1697989835
289,kushk,33.2957,61.9522,20.21,26,0,3.58,AF,1697989835
290,chibougamau,49.9168,-74.3659,2.79,93,100,6.17,CA,1697989835
291,qusmuryn,52.4503,64.6311,1.57,62,74,8.93,KZ,1697989836
292,island harbour,50.724,-1.2758,16.63,75,7,4.33,GB,1697989836
293,portoferraio,42.8115,10.3146,22.76,63,75,1.54,IT,1697989836
294,ishigaki,24.3448,124.1572,25.07,73,100,5.66,JP,1697989837
295,mogocha,53.7333,119.7667,-1.31,64,93,0.13,RU,1697989837
296,valparaiso,-33.0393,-71.6273,17.22,74,100,4.12,CL,1697989583
297,susuman,62.7833,148.1667,-14.93,95,98,0.74,RU,1697989837
298,nuuk,64.1835,-51.7216,0.34,59,40,4.63,GL,1697989838
299,salalah,17.0151,54.0924,29.05,65,40,2.06,OM,1697989838
300,remire-montjoly,4.9167,-52.2667,32.02,66,75,4.12,GF,1697989838
301,borzya,50.3833,116.5167,3.99,46,25,1.94,RU,1697989839
302,forster,-32.1667,152.5167,14.6,93,10,3.95,AU,1697989839
303,rundu,-17.9333,19.7667,35.88,13,38,0.51,NA,1697989839
304,yomju-up,39.8933,124.5981,12.57,85,0,1.0,KP,1697989839
305,freetown,8.484,-13.2299,28.84,79,75,3.6,SL,1697989840
306,bermeo,43.4209,-2.7215,22.36,48,93,4.69,ES,1697989840
307,tbeng meanchey,13.8167,104.9667,24.2,94,99,1.09,KH,1697989840
308,kununurra,-15.7667,128.7333,25.99,83,26,2.06,AU,1697989840
309,pimentel,-6.8367,-79.9342,25.16,65,0,5.14,PE,1697989841
310,pangkalpinang,-2.1333,106.1333,26.8,77,99,2.14,ID,1697989841
311,moratalla,38.1893,-1.8918,17.99,67,91,7.39,ES,1697989841
312,port augusta,-32.5,137.7667,10.42,75,83,2.12,AU,1697989842
313,plastun,44.7561,136.2939,3.43,66,5,3.25,RU,1697989842
314,labrador city,52.9463,-66.9114,0.95,80,75,6.17,CA,1697989842
315,ad dilam,23.9915,47.1627,34.23,18,3,3.41,SA,1697989842
316,isola di capo rizzuto,38.96,17.0933,24.41,50,0,7.2,IT,1697989843
317,north bondi,-33.8824,151.2769,18.5,53,1,4.63,AU,1697989843
318,flin flon,54.7682,-101.865,2.91,93,100,4.12,CA,1697989843
319,belebey,54.1167,54.1167,-0.46,77,88,4.62,RU,1697989843
320,vila do maio,15.1333,-23.2167,31.44,72,27,3.97,CV,1697989844
321,rosetta,31.4044,30.4164,23.74,74,1,5.04,EG,1697989844
322,talnakh,69.4865,88.3972,-2.66,96,100,3.73,RU,1697989844
323,ogwashi-uku,6.1782,6.5243,28.7,78,63,0.95,NG,1697989845
324,bagamoyo,-6.4333,38.9,26.01,77,46,5.14,TZ,1697989845
325,hutchinson,38.0608,-97.9298,19.85,39,0,8.23,US,1697989841
326,newport,51.5877,-2.9984,15.37,77,45,1.69,GB,1697989845
327,egilsstadir,65.2653,-14.3948,3.95,87,75,2.06,IS,1697989846
328,college,64.8569,-147.8028,-8.01,81,100,0.0,US,1697989846
329,conde,-7.2597,-34.9075,29.7,58,40,6.17,BR,1697989846
330,sitka,57.0531,-135.33,0.94,80,0,0.0,US,1697989847
331,svobodnyy,51.4,128.1333,0.53,51,6,2.29,RU,1697989847
332,leongatha,-38.4833,145.95,10.3,98,100,4.63,AU,1697989847
333,jidong,45.2167,131.0833,2.77,61,1,3.01,CN,1697989847
334,chui,-33.6971,-53.4616,19.2,90,100,3.33,UY,1697989848
335,al khafji,28.4391,48.4913,29.12,46,35,2.86,SA,1697989848
336,okha,53.5739,142.9478,1.69,76,100,10.38,RU,1697989848
337,sinaloa de leyva,25.8333,-108.2333,21.75,93,100,4.42,MX,1697989848
338,la passe,45.5549,-0.8967,18.32,60,92,4.5,FR,1697989849
339,puerto leguizamo,-0.1934,-74.7819,25.9,82,100,0.63,CO,1697989849
340,lingcheng,22.7072,110.3492,17.8,93,69,1.92,CN,1697989849
341,bekondo,4.6819,9.3214,24.73,91,99,0.93,CM,1697989849
342,al harithah,30.7186,47.7208,27.98,28,0,4.12,IQ,1697989850
343,kasongo-lunda,-6.4667,16.8167,27.54,69,82,1.53,CD,1697989850
344,axim,4.8699,-2.2405,28.13,75,92,3.77,GH,1697989850
345,gadzhiyevo,69.2551,33.3362,-0.37,70,86,6.75,RU,1697989850
346,reinosa,42.9996,-4.138,15.81,42,84,2.84,ES,1697989851
347,ahoada,5.074,6.6535,28.88,78,80,1.83,NG,1697989851
348,antofagasta,-23.65,-70.4,17.6,64,85,4.01,CL,1697989851
349,armacao de buzios,-22.7469,-41.8817,25.09,71,83,5.07,BR,1697989851
350,selty,57.3132,52.1345,0.87,72,99,4.26,RU,1697989852
351,pecos,31.4229,-103.4932,22.05,46,0,0.0,US,1697989500
352,bei'an,24.5399,109.533,19.93,74,46,0.65,CN,1697989852
353,zyryanovsk,49.7386,84.2719,8.82,92,100,1.47,KZ,1697989852
354,plattsmouth,41.0114,-95.8822,14.54,65,0,4.02,US,1697989853
355,sur,22.5667,59.5289,27.64,65,90,4.08,OM,1697989853
356,noumea,-22.2763,166.4572,17.99,73,44,3.56,NC,1697989853
357,ixtepec,16.5786,-95.1022,31.09,49,84,2.75,MX,1697989854
358,ulverstone,-41.15,146.1667,12.07,84,93,4.46,AU,1697989854
359,sanctuary point,-35.1114,150.629,16.29,52,0,4.68,AU,1697989854
360,hovd,48.0056,91.6419,6.95,55,77,3.29,MN,1697989854
361,barela,23.1,80.05,20.0,58,55,2.1,IN,1697989855
362,whitby,54.4877,-0.615,12.78,73,15,3.97,GB,1697989588
363,morsi,21.3392,78.0131,22.97,46,92,1.55,IN,1697989855
364,tsiombe,-25.3,45.4833,24.68,64,0,3.45,MG,1697989855
365,ridder,50.355,83.5133,7.99,95,100,3.56,KZ,1697989856
366,birpur,26.5167,87.0167,22.46,67,0,2.15,IN,1697989856
367,palikir - national government center,6.9248,158.1611,24.41,94,40,1.54,FM,1697989856
368,bryne,58.7354,5.6477,11.81,69,100,5.14,NO,1697989857
369,yen bai,21.7,104.8667,21.61,77,8,1.7,VN,1697989857
370,magong,23.5654,119.5863,25.26,80,50,10.8,TW,1697989857
371,great falls,47.5002,-111.3008,6.25,87,100,2.57,US,1697989677
372,tchintabaraden,15.8969,5.7985,37.31,7,10,7.53,NE,1697989858
373,shenjiamen,29.9576,122.298,20.38,65,4,3.75,CN,1697989858
374,conduaga,8.862,117.4893,26.3,85,36,1.72,PH,1697989858
375,ghat,24.9647,10.1728,35.34,9,78,3.72,LY,1697989859
376,necochea,-38.5473,-58.7368,18.57,68,97,5.57,AR,1697989859
377,viedma,-40.8135,-62.9967,16.88,62,100,5.67,AR,1697989859
378,gisborne,-38.6533,178.0042,11.24,83,93,5.33,NZ,1697989859
379,kavaratti,10.5669,72.642,29.04,68,19,2.34,IN,1697989860
380,la ronge,55.1001,-105.2842,-0.86,80,100,6.69,CA,1697989860
381,isangel,-19.55,169.2667,21.64,81,100,6.21,VU,1697989860
382,kohtla-jarve,59.3986,27.2731,3.04,93,100,3.25,EE,1697989861
383,saint-philippe,-21.3585,55.7679,23.77,76,30,2.4,RE,1697989861
384,chanute,37.6792,-95.4572,19.12,39,0,5.66,US,1697989714
385,mabaruma,8.2,-59.7833,34.58,47,100,2.15,GY,1697989862
386,taghazout,30.5426,-9.7112,20.43,59,60,3.0,MA,1697989862
387,arkhangel'sk,64.5401,40.5433,1.15,87,100,4.36,RU,1697989862
388,ubari,26.5921,12.7805,34.67,11,31,4.57,LY,1697989863
389,laela,-8.5667,32.05,27.37,26,6,1.13,TZ,1697989863
390,umba,66.6871,34.3429,-0.06,84,61,2.63,RU,1697989864
391,karoi,-16.8099,29.6925,26.35,40,100,2.48,ZW,1697989864
392,dubbo,-32.25,148.6167,13.07,58,52,4.63,AU,1697989864
393,popondetta,-8.7537,148.2534,23.3,98,100,0.66,PG,1697989864
394,nyurba,63.2842,118.3319,-2.71,97,100,2.94,RU,1697989865
395,dili,-8.5586,125.5736,26.24,72,43,1.53,TL,1697989865
396,preobrazheniye,42.9019,133.9064,5.67,67,1,3.54,RU,1697989865
397,whakatane,-37.9585,176.9854,9.73,94,72,2.31,NZ,1697989866
398,cabedelo,-6.9811,-34.8339,30.37,63,83,6.34,BR,1697989866
399,tweed heads,-28.1817,153.547,22.2,80,40,9.77,AU,1697989673
400,buala,-8.145,159.5921,26.18,86,97,2.19,SB,1697989867
401,vallenar,-28.5708,-70.7581,26.03,24,13,4.27,CL,1697989867
402,ath thawrah,35.8469,38.5443,25.59,33,17,2.45,SY,1697989867
403,at taj,24.2049,23.2857,26.96,15,0,4.48,LY,1697989868
404,mangrol,21.1167,70.1167,29.28,61,99,3.21,IN,1697989868
405,carnarvon,-24.8667,113.6333,20.51,81,12,10.71,AU,1697989868
406,langepas,61.2544,75.2124,-2.51,77,32,2.79,RU,1697989869
407,monteros,-27.1674,-65.4983,38.87,27,14,3.49,AR,1697989869
408,nicoya,10.1483,-85.452,28.51,75,47,2.92,CR,1697989869
409,mugia,43.1041,-9.2179,15.65,86,100,2.7,ES,1697989869
410,yorkton,51.2167,-102.4677,6.91,87,40,2.57,CA,1697989870
411,harper,4.375,-7.7169,27.57,76,30,4.54,LR,1697989870
412,severo-yeniseyskiy,60.3725,93.0408,-1.39,86,97,4.61,RU,1697989870
413,guerrero negro,27.9769,-114.0611,21.95,76,4,7.61,MX,1697989870
414,inongo,-1.95,18.2667,24.81,86,89,0.58,CD,1697989871
415,orange beach,30.2944,-87.5736,26.83,68,100,1.79,US,1697989871
416,lethem,3.3803,-59.7968,29.03,79,75,4.12,GY,1697989871
417,oyama,36.3,139.8,16.99,58,97,2.67,JP,1697989872
418,labuan bajo,-8.4964,119.8877,25.16,85,19,1.68,ID,1697989872
419,san antonio,29.4241,-98.4936,26.38,79,75,3.6,US,1697989685
420,uacu cungo,-11.3634,15.1208,20.48,86,96,1.11,AO,1697989872
421,revelstoke,50.9832,-118.2023,4.01,100,75,0.0,CA,1697989873
422,naze,28.3667,129.4833,20.51,68,96,3.8,JP,1697989873
423,subang jaya,3.0568,101.5855,25.97,90,20,1.54,MY,1697989873
424,kari,11.2471,10.561,36.78,13,60,5.18,NG,1697989874
425,kovdor,67.5662,30.4758,-3.17,94,98,1.18,RU,1697989874
426,carutapera,-1.195,-46.02,31.62,59,45,5.48,BR,1697989874
427,punto fijo,11.6956,-70.1996,29.03,71,91,2.82,VE,1697989874
428,tahe,52.3333,124.7333,-1.29,67,2,1.56,CN,1697989875
429,sulya,12.5667,75.3833,24.03,97,55,0.68,IN,1697989875
430,polyarnyy,69.1989,33.4478,0.09,70,87,6.8,RU,1697989875
431,idabel,33.8957,-94.8263,22.67,70,0,5.14,US,1697989875
432,villa gesell,-37.2639,-56.973,14.76,95,100,5.72,AR,1697989876
433,monrovia,6.3005,-10.7969,28.87,77,71,3.81,LR,1697989876
434,poronaysk,49.2167,143.1167,1.29,62,1,3.48,RU,1697989876
435,arenapolis,-14.4503,-56.8461,40.76,21,39,2.75,BR,1697989877
436,kalaleh,37.3807,55.4916,18.78,72,20,3.09,IR,1697989877
437,kraichtal,49.1303,8.7437,16.54,63,59,1.82,DE,1697989877
438,dzuunharaa,48.8523,106.4579,3.48,81,8,2.13,MN,1697989878
439,igarka,67.4667,86.5833,-0.78,98,100,5.33,RU,1697989878
440,ocean city,39.2776,-74.5746,16.1,56,45,3.58,US,1697989774
441,kharan,28.5833,65.4167,27.61,17,60,2.19,PK,1697989879
442,yuzhno-kurilsk,44.0306,145.8556,9.05,77,94,4.8,RU,1697989879
443,freeport,40.6576,-73.5832,14.54,61,75,7.2,US,1697989594
444,union city,37.5958,-122.0192,18.38,82,75,4.12,US,1697989742
445,nantucket,41.2835,-70.0995,16.06,66,40,9.77,US,1697989880
446,kondapalle,16.6167,80.5333,24.47,68,100,2.04,IN,1697989880
447,lorengau,-2.0226,147.2712,26.27,82,96,2.41,PG,1697989880
448,embrun,44.5639,6.4953,14.59,71,98,1.58,FR,1697989654
449,hauterive,46.0901,3.4459,18.42,53,100,0.92,FR,1697989881
450,mudgee,-32.5943,149.5871,8.77,75,42,1.58,AU,1697989881
451,arar,30.9753,41.0381,28.01,18,75,5.66,SA,1697989881
452,nyrob,60.733,56.7202,-1.68,82,96,4.5,RU,1697989882
453,licheng,23.2955,113.8284,17.93,91,95,1.38,CN,1697989882
454,mount pearl,47.5166,-52.7813,17.19,85,75,12.35,CA,1697989882
455,caledonia,42.8078,-87.9242,10.21,71,0,4.63,US,1697989751
456,monzon,41.9108,0.1941,18.75,41,99,3.16,ES,1697989883
457,roma,43.2128,-75.4557,7.75,90,100,5.14,US,1697989883
458,thunder bay,48.4001,-89.3168,1.99,93,40,1.54,CA,1697989883
459,srandakan,-7.9386,110.2506,23.39,92,84,0.53,ID,1697989883
460,charlottetown,46.2352,-63.1267,10.31,95,100,9.77,CA,1697989884
461,shanwei,22.782,115.3475,22.2,82,100,3.21,CN,1697989884
462,hasaki,35.7333,140.8333,10.22,67,92,4.46,JP,1697989884
463,wolczyn,51.0185,18.0499,11.77,90,100,5.94,PL,1697989885
464,la cruz,23.9167,-106.9,25.44,81,100,7.99,MX,1697989885
465,saint-joseph,-21.3667,55.6167,23.21,76,19,2.5,RE,1697989885
466,pontes e lacerda,-15.2261,-59.3353,43.26,13,20,2.71,BR,1697989886
467,touros,-5.1989,-35.4608,29.46,59,76,7.55,BR,1697989878
468,east london,-33.0153,27.9116,18.52,48,20,3.6,ZA,1697989886
469,yuzhno-sakhalinsk,46.9581,142.7337,1.79,75,51,2.0,RU,1697989886
470,darzab,35.9774,65.3783,16.63,28,3,3.25,AF,1697989887
471,selkirk,50.1436,-96.8845,10.04,90,100,2.24,CA,1697989887
472,yoichi,43.2039,140.7703,9.86,72,99,7.57,JP,1697989887
473,qui nhon,13.7667,109.2333,25.23,90,54,4.78,VN,1697989728
474,padang,-0.9492,100.3543,24.03,89,100,0.79,ID,1697989888
475,maceio,-9.6658,-35.7353,26.69,83,75,8.75,BR,1697989888
476,karkira,36.9292,6.5856,24.76,51,97,3.1,DZ,1697989888
477,roshchino,60.2519,29.6085,1.74,94,100,2.98,RU,1697989889
478,port loko,8.7667,-12.7833,28.82,61,88,2.0,SL,1697989889
479,dubai,25.2582,55.3047,31.96,62,0,3.09,AE,1697989363
480,jutai,-5.1833,-68.9,33.63,46,100,1.69,BR,1697989889
481,amurzet,47.6967,131.0981,2.11,51,0,3.03,RU,1697989890
482,chilliwack,49.1747,-121.9443,11.82,98,100,0.45,CA,1697989692
483,kuusamo,65.9667,29.1833,-3.98,93,75,1.03,FI,1697989890
484,nizhneangarsk,55.7833,109.55,1.21,72,74,4.32,RU,1697989891
485,oroqen zizhiqi,50.5667,123.7167,0.99,68,1,0.99,CN,1697989891
486,nouadhibou,20.931,-17.0347,27.99,57,20,5.14,MR,1697989891
487,mossel bay,-34.1831,22.146,18.96,75,5,10.32,ZA,1697989891
488,marsh harbour,26.5412,-77.0636,25.88,55,81,0.08,BS,1697989892
489,sungailiat,-1.85,106.1333,27.46,78,99,2.76,ID,1697989892
490,dampit,-8.2116,112.7493,21.49,84,52,0.91,ID,1697989892
491,ravar,31.2656,56.8055,23.15,26,87,1.43,IR,1697989893
492,north bend,43.4065,-124.2243,13.29,100,100,1.54,US,1697989893
493,xinzhi,36.4989,111.7047,15.49,41,24,1.68,CN,1697989893
494,ondjiva,-17.0667,15.7333,34.88,15,48,2.4,AO,1697989893
495,corner brook,48.9667,-57.9484,7.09,95,100,4.78,CA,1697989894
496,szczytno,53.5626,20.9875,9.96,100,100,4.63,PL,1697989894
497,nago,26.5881,127.9761,22.24,62,43,3.02,JP,1697989894
498,upington,-28.4478,21.2561,30.21,14,0,1.54,ZA,1697989894
499,boonville,38.9736,-92.7432,15.79,43,35,4.22,US,1697989795
500,yaroslavskiy,44.1683,132.2072,3.12,62,0,2.02,RU,1697989895
501,salinopolis,-0.6136,-47.3561,29.75,68,99,6.48,BR,1697989895
502,kill devil hills,36.0307,-75.676,20.55,58,0,3.09,US,1697989873
503,katsuren-haebaru,26.3369,127.8719,24.01,60,100,1.54,JP,1697989896
504,montagu,-40.7667,144.9667,11.98,91,100,7.09,AU,1697989896
505,punta del este,-34.9667,-54.95,22.2,82,100,4.12,UY,1697989896
506,nasiriyah,31.0521,46.261,31.09,17,99,4.12,IQ,1697989896
507,burang,30.25,81.1667,-0.62,76,80,3.13,CN,1697989897
508,merizo village,13.2658,144.6691,28.31,89,89,7.08,GU,1697989897
509,tubarjal,30.4999,38.216,27.29,24,0,7.29,SA,1697989897
510,wagar,16.1525,36.2032,35.35,30,0,0.42,SD,1697989898
511,thomson,33.4707,-82.5046,23.5,46,0,4.63,US,1697989898
512,pantai remis,4.4557,100.6288,26.01,85,100,1.23,MY,1697989898
513,launceston,-41.45,147.1667,11.0,100,100,3.6,AU,1697989899
514,ventnor,50.5948,-1.2037,16.33,83,8,5.23,GB,1697989899
515,missoula,47.0166,-113.8009,1.22,57,94,1.23,US,1697989899
516,timbiqui,2.7717,-77.6654,29.91,67,97,2.62,CO,1697989899
517,tralee,52.2704,-9.7026,13.14,76,75,4.12,IE,1697989900
518,ampanihy,-24.7,44.75,24.47,53,0,5.58,MG,1697989900
519,al kharijah,25.4514,30.5464,27.3,27,0,4.3,EG,1697989900
520,shira,54.4911,89.9531,4.35,52,100,2.65,RU,1697989900
521,sisimiut,66.9395,-53.6735,-4.11,80,58,4.67,GL,1697989901
522,charters towers,-20.1,146.2667,19.14,73,23,3.36,AU,1697989901
523,leno,45.3725,10.2166,21.25,53,40,1.54,IT,1697989901
524,mariehamn,60.0973,19.9348,6.01,93,100,1.54,AX,1697989902
525,beloretsk,53.9631,58.3981,-3.85,90,56,4.68,RU,1697989902
526,kiruna,67.8557,20.2251,-12.49,92,66,1.54,SE,1697989902
527,folkston,30.8305,-82.0098,25.01,56,100,1.34,US,1697989902
528,sinabang,2.4803,96.3801,25.7,84,100,0.54,ID,1697989903
529,egbe,8.2167,5.5167,29.94,58,27,1.68,NG,1697989903
530,kilinochchi,9.3961,80.3982,26.76,82,69,2.0,LK,1697989903
531,bel ombre,-4.6167,55.4167,25.91,89,20,2.06,SC,1697989904
532,tevriz,57.509,72.4042,-1.02,84,100,4.86,RU,1697989904
533,humaita,-7.5061,-63.0208,41.87,22,95,1.23,BR,1697989904
534,sirte,31.2089,16.5887,24.84,73,12,4.42,LY,1697989904
535,ca mau,9.1769,105.15,24.88,93,78,1.37,VN,1697989905
536,petropavlovsk-kamchatsky,53.0452,158.6483,0.33,86,75,2.0,RU,1697989720
537,kantharalak,14.6406,104.6499,23.03,88,96,1.93,TH,1697989905
538,springe,52.2085,9.5542,14.78,80,99,4.17,DE,1697989906
539,ust'-kut,56.7938,105.7672,0.13,74,9,2.76,RU,1697989906
540,haiku-pauwela,20.9219,-156.3051,22.25,88,0,2.06,US,1697989906
541,paragominas,-2.9667,-47.4833,36.26,36,94,2.88,BR,1697989906
542,ketchikan,55.3422,-131.6461,6.26,75,0,4.63,US,1697989907
543,nampula,-15.1165,39.2666,34.97,24,20,4.63,MZ,1697989907
544,huarmey,-10.0681,-78.1522,22.73,78,75,4.14,PE,1697989908
545,sao joao dos patos,-6.495,-43.7022,38.96,23,89,2.8,BR,1697989908
546,las lomitas,-24.7096,-60.593,44.01,17,24,6.58,AR,1697989908
547,baza,37.4907,-2.7726,20.23,63,28,6.29,ES,1697989909
548,los llanos de aridane,28.6585,-17.9182,23.86,59,20,2.57,ES,1697989909
549,makarov,48.6333,142.8,1.71,65,2,2.83,RU,1697989909
550,ta`u,-14.2336,-169.5144,26.36,84,100,5.18,AS,1697989909
551,harstad,68.799,16.5293,0.9,91,33,4.92,NO,1697989910
552,fortuna,40.5982,-124.1573,14.96,97,100,1.34,US,1697989910
553,kudahuvadhoo,2.6708,72.8944,27.26,72,82,0.51,MV,1697989910
554,urzhar,47.093,81.6294,14.45,69,87,1.53,KZ,1697989910
555,loralai,30.3705,68.598,19.63,30,74,2.77,PK,1697989911
556,salavan,15.7167,106.4167,21.65,93,59,1.12,LA,1697989911
557,san pedro,14.35,121.0167,25.75,95,40,0.89,PH,1697989911
558,diapaga,12.0708,1.7889,38.53,12,6,5.16,BF,1697989911
559,sarai naurang,32.8259,70.7814,24.92,46,0,0.98,PK,1697989912
560,smithers,54.7804,-127.1743,0.18,100,100,1.03,CA,1697989912
561,njombe,-9.3333,34.7667,21.22,42,87,3.64,TZ,1697989912
562,hastings,50.8552,0.5729,16.0,26,18,3.99,GB,1697989913
563,arraias,-12.9288,-46.9437,35.2,27,35,1.91,BR,1697989913
564,kalefeld,51.8,10.0333,14.41,89,96,0.45,DE,1697989913
565,melo,-32.3667,-54.1833,18.38,99,100,2.95,UY,1697989914
566,baukau,51.5526,7.2042,14.0,81,80,2.24,DE,1697989914
567,askoy,60.4092,5.226,9.3,87,75,2.57,NO,1697989914
568,guitiriz,43.1817,-7.8966,13.58,72,99,0.5,ES,1697989914
569,burutu,5.3509,5.5076,28.74,73,79,3.38,NG,1697989915
570,ulladulla,-35.35,150.4667,13.76,55,1,4.13,AU,1697989915
571,puerto armuelles,8.2833,-82.8667,27.99,72,100,2.24,PA,1697989635
572,la grande,45.3246,-118.0877,17.25,69,100,1.3,US,1697989682
573,baykal'sk,51.5058,104.1469,4.32,79,86,0.87,RU,1697989916
574,touba,8.2833,-7.6833,30.11,59,77,1.75,CI,1697989916
575,chernushka,56.5072,56.0766,-0.77,74,68,5.27,RU,1697989916
576,quellon,-43.1167,-73.6167,11.98,61,1,5.44,CL,1697989634
577,horezu,45.15,24.0167,17.53,54,0,2.0,RO,1697989917
578,paphos,34.7667,32.4167,25.88,44,0,2.57,CY,1697989917
579,camana,-16.6228,-72.7111,22.13,79,66,4.58,PE,1697989917
580,chapaev,50.2,51.1667,3.79,58,61,3.11,KZ,1697989917
581,richards bay,-28.783,32.0377,19.04,73,83,8.38,ZA,1697989918
582,mirto,38.0847,14.7515,21.83,67,33,1.94,IT,1697989918
